Tweet,No
anticipating spread covid sidoarjo police hold raid city limit covid vaccine,0
covid vaccine permit emergency use bpom friend let look list covid vaccine permit emergency use bpom,1
jombang jatim elementary school student died pfizer covid vaccine concluded related vaccine caused dark,2
indonesian omicron patient receives dose covid vaccine injection,4
indonesia bilateral covid vaccine save rptrillion,5
komsos babinsa koramil urge resident get covid vaccine,6
health protocol vaccine complete layer protection relying vaccine contracting covid virus implementing strict health protocol complementing health intervention,7
community covid vaccine closest vaccination post vaccine vaccine discipline preventive measure covid vaccination covid vaccination disciplinary process creates herd immunity pandemic,8
people receive covid vaccine vaccinated also get vaccine health care facility accelerate achievement group immunity prevent spread omicron variant,9
free vaccine avoid covid virus,11
bilateral cooperation procurement covid vaccine claimed save idr trillion,12
hopefully distribution booster vaccine quickly spread evenly indonesia covid rate increase like country,13
recipient million dollar dose covid vaccine,14
upp bantaeng regency actively implementing covid vaccine assistance assistance mappilawing village socializing clean sweep illegal levy,15
investigated sumbar police title covid vaccine two district,16
kai committed preventing spread covid implementing strict procedure passenger required mandatory vaccine rtrdt screening city travel antigen thanks,18
indonesian food drug supervisory agency permit emergency use covid vaccine type sinovac astrazeneca sinopharm moderna pfizer novavax sputnik janssen convidencia zifivax via,19
belgian vaccine jockey detained covid vaccine,20
probolinggo police participate injecting dos covid vaccine,21
vaccine dose neutralizes omicron variant dose increase ability vaccination antibody recognize spike protein omicron variant vaccine play role reducing covid outbreak,22
million people indonesia population jakarta dose covid vaccine covid handling task force report,23
look like showing cruelty covid sick people invest cruel people tie easy get covid corpse money ifu money caught vaccine various kind wkwk,24
vaccine increase immunity avoid covid n't choose,25
december covid vaccine recipient,27
final aff tamiang covid event watch together final aff indonesia wednesday night covid vaccine area,28
upp kabbantaeng actively carrying security assistance covid vaccine kectompobulu marble socializing clean illegal levy,30
si setting maximum capacity one hundred percent transjakarta customer required covid vaccine certificate access transjakarta service jaki care application protect zl vaccine certificate,39
closely monitored health worker israeli hospital fourth dose covid vaccine,40
come people garut invite covid vaccine,41
indonesia save rp trillion bilaterally covid vaccine,42
acceleration covid vaccine investigated sumbar police district vaccination title,44
pinrang police south sulawesi confirmed rahim suspect vaccine jockey admitted injected covid vaccine,45
prasenohadi symptom exposed omicron variant indicate effectiveness covid vaccine,46
indonesian citizen get dose covid vaccine,47
spokesperson ministry health siti nadia tarmizi said bilateral procurement indonesian covid vaccine saved state budget rp trillion,48
indonesia save rp trillion bilaterally covid vaccine,49
gt observed receive dose covid vaccine ahh doctor tweet carrying booster mission,51
kominfo lower social medium covid vaccine hoax content,52
rank police lampung covid task force held door door vaccination targeted night entertainment karaoke hotel cafe,55
hold babinsa covid vaccination synergy deiyai ​​police actively educating vaccine participant,56
million population covid vaccine dose,57
guess hope people forced intimidate people free dose covid vaccine check price,59
year new covid vaccine launched united state jumped average daily high,61
woman initial sm villager sub district runningding subulussalam city aceh posting social medium account wrote husband vital organ sick covid vaccine injection,63
covid vaccine injection,64
come older brother vaccinate covid virus,65
covid vaccine security guarding pharmacy installation office gorontalo provincial health service satbrimobda gorontalo vaccine stored community,67
million soul covid vaccine dose,68
kickboxing world champion vaccine dy covid klikbca,69
difficulty free halal vaccination additional antibody body kickboxing world champion dy covid click read,71
sumedang district covid vaccine update,72
patient exposed omicron treated rspi monitored receive dos covid vaccine government health expert smart indonesia n't think vaccine insists continuing enforce vaccine,75
police officer padang selatan sector sumatra check vaccine certificate visitor entering air sweet beach tourist area prevent spread covid full,76
thai scientist develop tobacco covid vaccine,77
company personnel pioneering battalion company brimob unit north maluku regional police actively securing area vaccination carried village lelilef sawai convenient community carry covid vaccine,78
covid vaccine seller sentenced prison,79
thank barabai darat village babinsa bhabinkamtibmas performance barabai darat highest winner district achievement covid vaccine,80
village head sungai ambawang kuala door prize covid vaccine,81
street student right get covid vaccine,82
jl rw galur johar jakarta center vaccine activity accelerated age national covid vaccination preschool level sd,83
vaccine booth sim covid lanud task force carry blangstar vaccination attack,89
sukoharjo age injected solopos covid vaccine,90
synergy panji sub district covid task force carry supermarketroyal vaccine raid,91
vaccine kitong danger covid vaccine,92
december covid vaccination update adding million dos vaccine,93
detail receiving vaccine dose vaccine dose receiving confirmed covid vaccine,94
danger covid vaccine,95
approaching year covid situation depok active terday vaccinated report people treated hope enter optimistically discipline wise mask gathering,96
synergy indonesian national police healthy vaccine dangerous vaccine friend indonesian national police prevent spread covid,97
omicron government also plan accelerate implementation covid booster dose vaccination program accelerate considering increase transmission omicron variant covid decrease vaccine efficacy,98
old man invite covid vaccine,100
sukoharjo age injected covid vaccine,101
presidential decree procurement vaccine covid vaccination,102
variant corona virus covid vaccine effective,105
babinsa koramil kmr kodim pwr carry assistance covid vaccine purworejo region,106
thank god body exposed covid maintaining complete vaccine pattern,107
vaccine vial dosage form containing dose vaccine derived virus maintaining quality covid vaccine stored stable temperature storage,109
marine hold age covid vaccine,114
covid vaccination advised comply health protocol human vaccine immune eating nutritious food regular rest exercise,115
vaccine people covid people,117
type covid vaccine vaccine process booster vaccine pfizer astrazeneca coronavac vaccine pt bio farma zivivax sinopharm,118
vaccine avoid covid,119
jombang health office explores cause death elementary school student covid vaccine,121
old people must check covid vaccine certificate easy,123
moving resolution forgetting complete dose covid vaccine,124
calm stock covid vaccine abundant choose vaccine postponed,125
world country allow indonesian covid vaccine inject age vaccine,127
indonesia free covid government miss playing friend school let run away let vaccinate indonesia,128
choose obey x vaccine procedure treating exposed covid,129
achievement covid vaccine,131
covid virus government stock vaccine indonesia,134
bpkp ministry health physical inventory covid vaccine stock opname implementation vaccine calculation december health office inspector general ministry health murti utami perfect process escorted bpkp,138
bojongsari elementary school student follow advanced covid vaccine,141
afraid fear covid afraid getting vaccinated afraid covid vaccine protection creates antibody covid virus,142
worried spiderman quickly go covid vaccine screen prioritize,143
vaccine stock boosted vaccination target reached herd immunity stage situation conducive hopefully covid get rid indonesia,145
vaccine must disciplined vaccine proces prevent contracting prevent severity death due covid,148
covid vaccine injection waiting least trip goal body system fight risk infection,149
vaccine boost immunity prevent spread covid vaccination omicron,150
government public access third dose booster covid vaccine charged fee see price detail let go,154
comorbid blamed causing dead kipi forced inject covid vaccine anhing wrong healthy example live comorbid vaccine,155
one hundred thousand new week injecting covid vaccine,156
referring hkmenkes number checking validation covid free result vaccine card prospective passenger authority airline kkp port health office urge customer,158
deh covid vaccine realize vaccination target,161
majalengka majalengka police check completeness travel requirement ahead covid pandemic vaccine card antigen test result,162
vaccine carry complete health protocol basically giving gap covid get close body,163
government indonesia covid vaccine stock maintained vaccine vaccine think,164
covid vaccination program spread remote area mother village vaccine service type vaccine,165
vaccine immediately think running vaccine stock indonesia vaccine stock run government cooperation stock covid vaccine,169
community quick vaccinate covid help government reach percent vaccine target achieved hopefully realized amen,170
choose safe covid vaccine,175
point earned try especially covid vaccine avoid obeying procedure,177
choose stock vaccine indonesian type covid vaccine benefit government doubt village explanation know,179
indonesia covid vaccine sinovac bpom permission,180
vaccine shield bro move avoid covid attack obey prokes,183
effort avoid covid vaccinate mobile vaccine team kodim bute,186
let invite brother sister get vaccinated vaccine age hurry quick vaccine body protected covid virus attack,188
latest news police chief ranowulu pick resident,192
marine launch covid vaccine,203
try choose fear covid afraid getting vaccinated vaccinated,205
vaccine hurry list government stock vaccine collaboration covid vaccine,207
government great stock indonesia covid vaccine sufficient country scrambling vaccine,211
vaccine covid end quickly live normal life,214
government bored vaccine government bored covid community,220
screened fara vaccinated doctor duty fara covid loud doc july terday,222
let choose vaccinated covid choose prokes vaccine,225
stock covid vaccine abundant choose vaccine second become vaccine body,226
malaysia ministry health kkm recommends postponing travel risky country due contagious omicron variant covid vaccine booster dose effort protect loved one,236
detection omicron variant waiting covid variant lurking vaccine vaccinated vaccine stock,241
n't choose vaccine covid,244
watch spiderman covid vaccine,247
contribution realized csr program dose covid sinopharm vaccine people seram timur regency maluku process helping vaccination program requires hour road trip,248
overcoming corona virus pandemic covid vaccination vaccine suppressing sars virus creating herd immunity herd immunity,254
age covid vaccine get vaccine quickly protected,255
vaccine immediately vaccinated vaccinated immune covid obey health protocol,258
speed vaccine step prevent contracting covid,260
prevent third wave covid virus vaccine,263
abundant vaccine stock postponed let fight muscle vaccine covid,271
vaccine available indonesian vaccination program indonesian vaccine effective delta variant corona virus effectively reducing risk death due covid,279
head iptu tugiyo police member pick disabled covid vaccine baki pandeyan village hall,280
active monitoring vaccine support acceleration handling covid,281
kickboxing world champion frederic sinistra dy complication covid known corona vaccine activist,283
percent indonesia omicron patient injected full dose covid vaccine via,284
improve vaccine fight covid omicron prevent vaccine,285
suspect jockey south sulawesi covid vaccine claimed actively offering service,286
covid vaccine protects,288
improvement global economy minister tenten mainly due success vaccine program reduce covid outbreak,289
true died vaccine picked hopefully angel israel blamed rain caused flood komnas kipi died covid vaccination,290
man named rahim resident pinrang regency south sulawesi made public scene claiming jockey covid vaccine vaccinated,292
thousand pekanbaru city injected covid vaccine,297
anticipating omicron variant believed contagious government accelerates delivery booster covid vaccine planned january vaccination booster vaccine reach million dos injection,298
injection covid vaccine persuaded,300
omicron vaccine antibody variant covid,301
people kotawaring want covid vaccine,302
make maluku free covid lantamal ix vaccine maritime community seith maluku tengah,303
doc got covid got vaccine,304
ministry health patient covid virus variant omicron indonesia receive dose vaccine omicron patient receives dose vaccine injected vaccine,305
health office east jombang regency health office formed investigation team find cause death elementary school student aged mb injected covid vaccine,307
doctor tanjung gusta medan detention center sentenced prison panel judge corruption medan due illegal sale purchase covid vaccine doctor health office north sumatra province sentenced prison,308
covid vaccine launched united state coronavirus jump record high,310
fate womb jockey covid vaccine wage hundred thousand rewarded status suspect,311
covid pandemic friend police step avoid spread discipline health protocol complete dose vaccine nataru wary variant,312
serang district resident reluctant injected covid vaccine reason via,313
babinsa koramil cerenti kodim inhu monitor assist implementation covid vaccine banjar tigo village,315
please get vaccinated immediately follow vaccination prevent spread covid,316
name indonesian covid vaccine euabpom,317
covid booster vaccine optimal protection covid infection ordering vaccine administration center preparation help smoothness process taking covid booster dose vaccine,319
azerbaijan approves turkey made covid vaccine phase test,320
covid babinsa vaccination degree synergy deiyai ​​police actively educating vaccine participant,323
covid vaccine,325
head serang sub district mirtono suherianto accompanied hundred elementary school student jaya mulya elementary school form moral support elementary school student following covid vaccine,326
break chain covid vaccination active celebrating vaccine prize north pontianak police headquarters page thursday,327
hurrah check rddos tell dose mean covid effect vaccine seek save malaysian vitamin vaccine side effect,328
worried spread omicron delta trigger tsunami covid vaccine,329
tip fear needle brave covid vaccine,330
sumar aware covid vaccine creates immunity payakumbuh police regional police,332
maron sub district covid task force urge maron sub district resident invite family neighbor vaccinated scheduled vaccine outlet carry vaccination,335
vaccine protect family covid vaccine,338
percent chinese citizen receive full dose covid vaccine ahead chinese new year holiday season,340
united state donates additional million dos indonesia covid vaccine,341
prioritizing independence domestically produced vaccine red white vaccine pt biotis unair covid vaccine pt bio farma bcm provision halal vaccine remains focus bpom effort,345
investigator pinrang police criminal investigation unit determined rahim jockey covid vaccination suspect male suspect admitted received vaccine injection via,349
vaccine increase body immunity prevent spread covid vaccination prevent omicron balang lompo island,350
virus creates tsunami covid call vaccine,351
even bpom still prioritizes independence domestically produced vaccine red white vaccine covid vaccine addition prioritizing procurement indonesian halal vaccine stated use halal vaccine must priority zifivax vaccine,352
vaccine needed covid vaccination omicron,354
let vaccination vaccine help protect infection covid omicron vaccine,355
vaccine vaccine avoid covid virus vaccination omicron,356
guy vaccination carried infected covid let vaccinate let vaccinate omicron,357
vaccine avoid covid virus vaccine prevent omicron vaccine,358
let get vaccine twist chain spread covid vaccination prevent omicron,359
vaccine infected covid let vaccinate omicron,360
exposed covid vaccination use vaccine protect prevent exposure virus omicron anti vaccination,361
vaccine infected covid omicron anti vaccination,362
vaccination useful protecting infection covid vaccination omicron,363
let vaccinate let vaccinate police military government facilitating trying minimize impact covid vaccination omicron,364
let get vaccine avoid spread covid virus vaccination omicron,365
vaccination vaccine covid virus variant omicron omicron anti vaccination,366
healthy protected covid doubt vaccine ignores health proces vaccination omicron protects nation,367
guy information vaccine infected covid answer vaccination omicron,368
let get vaccinated vaccine vaccine protect covid prevent omicron vaccination,370
vaccine infected covid protect infection omicron prevention,371
prevent spread covid follow government rule vaccine prevent omicron vaccine,372
vaccine minimizes infection covid avoids transmission spread covid virus omicron prevent vaccination,373
covid positive must vaccination vaccination omicron,374
forget vaccine avoid transmission covid virus vaccination prevent omicron,375
well guy air infected covid vaccine omicron,376
hope covid disappear indonesia vaccine prevent omicron,377
guy infected covid vaccine omicron,378
vaccinate vaccine infected covid protected omicron vaccination,380
covid vaccine lohhh vaccination omicron,381
vaccine prevent spread covid virus vaccination prevent omicron,382
vaccinate infected covid vaccine protect infected omicron prevent vaccination,383
vaccine infected covid virus vaccination omicron,384
omicron vaccine covid,385
need covid vaccine kuta area please form,388
majene police resort meet vaccine target order accelerate handling covid pandemic majene police resort police maximally realizes hope restoring normal condition,389
head bpompenny lukito said covid vaccine currently registration process booster vaccine bpom zifivax vaccine declared halal vaccine since mui,390
active operation justification implementation ppkm level carried let obey health protocol decide spread covid public urged carry vaccine,392
age receive klaten kodim vaccine,393
assistance elderly covid vaccine,394
fact related implementation sinovac vaccine coronavac vaccine covid vaccine processed pt bio farma,396
bukit thorn covid vaccine south jakarta,397
ceo albert bourla vaccinated cnbc december food drug regulatory agency issue authorization emergency use pfizer covid vaccine,398
vaccine prevent covid,399
director general world health organization tedros adhanom warning covid tsunami global infection increased week following spread omicron variant urging country share vaccine especially poor country,400
fate covid vaccine jockey witness suspect rahim breathes sigh relief,404
purpose benefit preventive brand covid vaccine reduce severity exposure covid,405
covid vaccine prokes prevent covid,407
vaccine prevent contracting relieve suffering people infected covid,408
suppress spread covid nataru polda lampung rank vaccine resident prevention covid,409
minister finance provides state budget provision covid vaccine,410
vaccine suppresses covid prokes prevent covid,411
died vaccine vaccine died sick covid,412
cluwak koramil member carry assistance covid vaccination cluwak sub district health worker cluwak health center type vaccine pfizer sinovac aztrazineca achievement people wednesday,413
appeal comply prokes warning danger covid vaccine following vaccination prokes prevent covid,414
individual percent country adult population received covid vaccine injection wednesday night,415
individual percent country adult population received covid vaccine injection last night,416
many individual country population completed booster dose covid vaccine last night,417
resident sunggal sub district deli district serdang covid vaccine injection wednesday remaining dose vaccination wib wib,419
implementation activity celebrate mass dose covid vaccine limpasu community,421
upp bantaeng regency active securing assistance covid vaccine bonto langsa bissappu socializing clean illegal levy medium personnel mask bearing logo saber extortion regional government,424
adolescent population aged percent completed vaccination percent received covid vaccine dose,426
target million indonesian inject covid vaccine march,428
individual percent country adult population received covid vaccine injection night covidnow,430
target million indonesian injected covid vaccine march,432
kkm recommends postponing travel risky country due contagious omicron variant covid vaccine booster dose effort protect loved one source pkd kuantan,435
people calm worried solution decline effectiveness covid vaccine increase herd immunity immunity community group,436
free dose covid vaccine check price,438
covid vaccine need increase percent,439
free dose covid vaccine check price,441
covid vaccine injected body virus really weakened researcher researched government habit consumer normal people think like,442
target million indonesian injected covid vaccine march,444
covid vaccine patient,445
target million indonesian inject covid vaccine march,447
protect covid covid vaccine,453
wakapolres gowa kompol soma mihardja withdraws door prize draw covid vaccine panorro village,454
ntb scavenger died covid vaccine police investigating case,457
vaccination anticipates development indonesian omicron variant mandatory vaccination realization herd immunity transmission covid variant prevented forgetting take care health procedure,458
school accustomed routine immunization student covid vaccine pay attention implementation herd immunity protection activity prevent transmission omicron variant,464
march indonesia target million population injected covid vaccine,466
reportedly indonesian population targeted injected covid vaccine march,467
ministry health announces total hourly dose covid vaccine,473
understand research future generation vaccine covid charity greatness kj team product phd malaysia extent successful proud honest car car car car flying flood suction,474
tested strengthens immune system covid disease police named rahim suspect vaccine jockey pinrang regency south sulawesi south sulawesi,475
good uae vaccine country care covid quarantine problem ppkm eid,476
upp bantaeng regency actively holding meeting accelerate acceleration covid vaccine bonto lebang bissappu socializing clean illegal levy medium personnel mask bearing logo saber extortion pemda,477
prime minister doctor percent covid patient treated booster vaccine,478
indonesia covid booster vaccine read,479
doctor selling buying illegal covid vaccine sentenced jail doc,480
inhil regent draw lot winner covid vaccine week prize motorbike,481
upp bantaeng regency actively carrying security assistance bonto covid vaccine rita bissappu socializing clean illegal levy medium personnel mask bearing logo regional government extortion saber,483
m doctor national team data crazy resident hospital died covid crazy vaccine resident hospital vaccine missing,485
threatens citizen covid vaccine mayor palopo revoke pkh bpjs,486
israel trial dose covid vaccine,492
covid vaccine recipient take third shot,496
force covid case vaccine age low fatality rate human body disappears replaces vaccine virus variant vaccine,497
jepara police pick elderly inject covid vaccine accelerate vaccination,499
donate additional million dos indonesia covid vaccine,506
recipient complete dose covid vaccine reach million people indonesia,507
government survives pandemic condition aspect handling covid aspect national economic recovery december indonesia bulk vaccine brand vaccine,508
december jair bolsonaro allowed daughter receive covid vaccine authentic rtm news,509
wednesday december pkl primary school finish bhabinkamtibmas banjararum village monitoring covid vaccine activity kalibawang public health center elementary school dexon elementary school bhabinkamtibmas urge student play mobile game,510
covid vaccine door prize participant,512
anton grateful struggle city madiun vaccinate resident madiun according vaccine effort avoid worst risk getting covid,513
regent jombang hj mundjidah wahab takziah home elementary school class student reportedly died injected covid vaccine tuesday regent mundjidah visit welcomed,515
lombok scavenger dy vaccinated covid kadinkes congenital disease stupid pandemic died disease covid vaccine run dy congenital disease,516
vaccination notice operation ppv covid vaccination center tawau community council completely closed friday december,517
halal safety covid vaccine doubtful,521
covid vaccine booster dose capacity enhanced awani,524
omicron ability hide neutralizing antibody covid vaccine bro ability mutate,525
thank god covid vaccination using sinovac requirement vaccine vaccination bogor read experience wednesday night,526
sukabumi police chief pam nataru post standby cikakak sector police carry sweeping covid vaccine,527
wednesday night 'm confused apply leave line child vaccine alhamdulillah got tip tomorrow covid vaccine run smoothly bismillah reading vaccine,528
unscrupulous medan doctor found guilty buying selling illegal covid vaccine,530
covid vaccine street,531
indonesia receives million covid vaccine,532
thank bro great x vaccine hopefully healthy avoid covid amen,533
ahead kubar police port service post vaccine booth stop spread covid,534
systematic genocide rumor placebo vaccine aka fake vaccine count count hundred vaccine world depopulated vaccine,535
pioneer battalion south sulawesi police satbrimob held covid vaccine attack parepare city islamic center courtyard,536
vice regent suharsi death covid zero vaccine,537
tomorrow people merbau cooking oil covid vaccine,538
non commissioned officer babinsa village koramil sempor kodim kebumen serda yance piter klagilit carried security activity monitoring injection covid vaccine dose resident sidoharum village sempor district kebumen regency,539
jombang elementary school boy dy covid vaccine health office trace health history victim life morning making moving voice,541
thank god pandemic covid vaccine child vaccine let see full story m,542
based vaccine booster proven increase effectiveness covid vaccine omicron variant infected covid thought increase effectiveness vaccine,543
police received individual report various background district civil servant refusing accept covid vaccine,546
take responsibility god account front allah swt result promoting follower vaccine many people become victim kipi due covid experiment,548
mayor semarang conferring award field health office semarang institution achievement role handling covid location centralized isolation vaccine center,551
jombang elementary school boy died one day covid vaccine response health office regent,552
friend rsui vaccination reaction vaccination worried reaction receiving covid vaccine experiencing reaction follow event kipi immunization know,553
covid vaccine recipient advised take booster dose receiving primary vaccine dose,554
like vaccine vaccine protect covid virus,556
muhammad ba setiawan died injected pfizer type covid vaccine dose explained jombang health office,558
srandakan police personnel led head intelligence security akp subiyantara carried security covid vaccine activity dos elementary school koripan wednesday,559
sewon age bantul injection covid vaccine,560
dying pfizer vaccine really hurt instead strengthening covid virus vaccine deadly,561
sorry information booster vaccine senior paid need information need find access booster vaccine covid bos,563
indonesia arrival ministry communication informatics covid vaccine distributed needy area,566
row photo capturing process fourth dose covid vaccination sheba medical center ramat city israel tuesday israel trial fourth dose corona virus vaccine monday,567
implementation covid vaccination activity wednesday december wib location kp bulak serum kecciputat tangsel city target vaccinated sinovac vaccine,569
thank god saw forbidden covid vaccine,570
doctor reisa user complete covid vaccine transportation via,576
superman covid virus immunity percent vaccine,577
download care application protect benefit care application protect user warning surveillance surveillance download vaccine certificate information covid test result evidence accessing public service,579
issue covid vaccine biological weapon human depopulation often circulated public fact vaccine proven reduce risk death due corona virus,580
kkm recommends postponing travel risky country due contagious omicron variant covid vaccine booster dose effort protect loved one source kkm,581
vaccine transmission protection comply vaccine procedure comply protocol covid,583
urgent travel covid vaccine complete n't forget test pcr swab antigen,584
research craig sponsor manhattan symptom appear due omicron depending type vaccine taken booster vaccine symptom heavy super variant covid,587
bogor regency covid vaccine available age adult vaccine yet reached profit,591
layer society covid vaccine easy get infected spread healthy covid virus,594
vaccine take care implementing covid process really scary,595
donate additional million dos indonesia covid vaccine okayzone,596
indonesia sends million dos covid vaccine,602
hit brazil kill injured covid vaccine destroyed okay zone,605
pacific region express national award donating covid vaccine cambodia covax initiative full news,608
vaccine eight year old suffers heart inflammation vaccinated covid,610
sumatran police chief review sumdarsin vaccine celebration pasaman police jurisdiction disciplined vaccination prevent spread covid police invite public comply health protocol,614
regional covid pandemic potential wave love loosen health protocol healthy friend wear mask wash diligently avoid crowd avoid traveling across country forget vaccine,615
moluccan covid vaccination december thousand resident vaccine dose,617
covid vaccine download application care protect visit tourist site orderly traffic stop violation stop accident human safety,618
ultra israel group covid vaccine,619
vaccine parent age mother toddler please anxious patient hopefully glimmer hope protecting toddler infected covid virus,620
kkm recommends postponing travel risky country due contagious omicron variant covid vaccine booster dose protect,622
indonesian government administers age covid vaccine giving age vaccine aim protect exposure covid security carry face face learning limited ptm,623
jombang elementary school boy dy covid vaccine health office trace victim medical history,627
vaccination aim encourage achievement herd immunity covid pandemic student old nizam vaccine participant vaccinating sick afraid,628
government n't dare threaten vaccine turn waste body basis supporting government program transparent covid prevention,630
indonesia access covid vaccine easy find vaccine supply targeting world institution world health agency funding organization unicef ​​world bank asia development bank adb,632
covid vaccine effective omicron see explanation,634
ministry health muslim forum halal vaccine deal covid,635
hope body vaccine increase badly exposed covid virus minimize,636
indonesian food drug supervisory agency permit emergency use vaccine type covid sinovac astrazeneca sinopharm moderna pfizer novavax sputnik janssen convidencia zifivax,638
covid vaccination program marudi district health office marudi ppv vaccination center closed december january opened january,639
escorting distribution covid vaccine distribution bengkulu provincial health office pugung border tanggamus regency coastal border,640
vaccine make people healthy productive covid vaccination support accelerated vaccination,642
long babinsa actively monitor covid vaccine age sd,644
krisdayanti accompanies amora kellen covid vaccine,645
thank god indonesia mod hope covid destroyed quickly life indonesian people normal let vaccinate country recover quickly transmission covid virus model,646
support acceleration vaccination palangka raya police warehouse distribution covid vaccine,648
government covid vaccination program injected vaccine made sinovac president joko widodo,649
comfortable covid vaccine,650
battling corona wonogiri police vaccination seek accelerate acceleration covid vaccination mass vaccination simultaneously wonogiri let vaccinate halal vaccine,652
hundred people enthusiastic participating roby covid vaccination parent worried vaccine,654
chasing target joint officer tanta tabalong stop driver covid vaccine ampnbsp,655
playing quora asked deal covid answer variant vaccine tightens procedure,659
covid vaccine stock availability,661
covid vaccine injection brazilian president child,665
pinang island atm medan hospital icu kelabatas atm medan hospital officially closed covid decreased success effectiveness mitigation measure national vaccine program,668
tt resident receive covid vaccine held ntt regional police,670
covid vaccine spread massive social medium facebook spread,672
new post regent inhil raffle winner covid vaccine week prize motorbike unit published kundur news,674
kkm recommends postponing travel risky country due contagious omicron variant covid vaccine booster dose effort protect loved one,675
jambi regional state intelligence agency enthusiastic implementing covid vaccine,677
sukra police chief indrama police actively monitoring covid precision vaccine booth area,678
import erick money burning vaccine bio farma covid vaccine produced july,679
jakarta vaccine covid pandemic vaccination,680
covid community business disguised official reluctant get vaccine government imposes authority care violating public health,682
covid vaccine discipline health protocol,683
cikendung village covid vaccine,684
covid vaccine emergency use authorization us mk prevent death vaccine indicated close investigation cause published state,685
covid vaccine invite discipline health protocol,688
forgot january covid dose vaccine free,690
babinsa bonto village sinjai koramil sertu sugiaro carried social communication resident bululohe hamlet bonto village invited resident carry covid vaccine carry wednesday vaccine,693
pt bio farma produce independent soe vaccine result clinical trial support company target covid vaccine emergency use permit july let read,694
synergize military carry police vaccine raid covid herd immunity task force team,695
state owned pharmaceutical holding company develops covid vaccine,696
school covid vaccine terday december cisadea health center covid vaccination purwantoro primary school school target vaccinated class student,699
police chronology bima scavenger died injected covid vaccine,700
vaccination encouraged disinformation hoax spread hoax protein spike injected covid vaccine cause damage organ see fact,701
covid vaccine potential boost red white vaccine,702
percentage population sarawak received booster dose covid vaccine,705
draw covid vaccine period november december prize unit motorcycle bicycle pekalongan city government cooperation tni polri banking wednesday mataram field info charisma putri,706
personnel ditlantas ntt police carry security guard distribution covid vaccine,708
covid vaccine escort personnel police satlantas ngada carry security guarding vial coronavac vaccine vial turelelo airport ngada district health office slack comply preventive measure prevent treatment,709
support acceleration babinsa vaccine accompanying resident vaccinate covid,710
understand health industry system identify anomaly journalist system covering acceleration approval circulation covid vaccine,713
upp bantaeng regency active securing covid vaccine assistance bonto village daeng uluere socializing clean illegal levy medium personnel mask bearing logo saber extortion regional government,714
see message chairman idai dr piprim basarah yanuarso spak recommendation indonesian doctor association provision covid coronavac vaccine december update age link,715
correctional inmate located visiting room covid inmate activity stage carried observing wbp health protocol,716
minister foreign affair retno value indonesia covid vaccine stock future,717
meet need indonesian people independent covid vaccine goal developing covid vaccine produced government encourage domestically produced covid vaccine reduce dependence import,718
recommend postponing travel risky country due contagious omicron variant covid vaccine booster dose effort protect loved one,722
covid facing variant covid omicron stay healthy obey prokes remember wear mask wash away avoid crowd forget vaccine,723
resident say fail understand covid vaccine low vaccination achievement across sumatran medium,724
vaccine effort covid vaccine mall,725
dozen student covid vaccine canisius foundation,726
upp bantaeng regency actively implementing covid vaccine assistance assistance bonto village bulaeng sinoa socializing clean illegal levy medium personnel mask bearing logo regional government extortion saber,727
thailand develops omicron covid vaccine based tobacco leaf,733
died covid vaccine died vaccine world congenital disease,736
tuesday dose covid vaccine carried sd muhammadiyah imam shodo stage creative taqwa class care,737
dealing covid pandemic government working hard provide indonesian vaccine,738
deal covid pandemic government working hard provide vaccine,739
covid pandemic friend police step avoid spread health protocol discipline full dose vaccine wary variant,742
brazil flood kill damaged covid vaccine stock,743
element forkopimkap girimulyo monitor age covid vaccination activity carry monday result monitoring vaccination activity reach student dos sinovac vaccine,744
recipient complete dose covid vaccine reached,745
innalillahi innailaihi rojiun government permission vaccine government bear responsibility bone sulsel student dy vaccinated covid,747
covid vaccine kill,748
upp bantaeng regency active securing covid vaccine assistance pabumbungang village ere feeling socialization clean sweep illegal levy,749
husband inaugurated geuchik aceh singkil wife must injected covid vaccine,750
upp bantaeng regency actively carrying dialogical patrol appeal covid vaccine paradayya tompobulu market socialization clean illegal levy medium personnel mask bearing logo saber extortion regional government,751
bk kelapa gading diskes lantamal iii injects covid vaccine tni family kbt,753
upp bantaeng regency active securing covid vaccine assistance pajukukang village socializing clean illegal levy medium personnel mask bearing logo saber extortion pemda,754
download certificate covid vaccine careprotect see qr code scan guide,758
intensified vaccination covid vaccine outlet bach reached,760
direction pandemic influenza endemic antiviral drug covid american pharmaceutical industry merck pfizer produce covid drug vaccine susceptible elderly people treated drug,762
total number recipient covid vaccine reach million,766
vaccine reduce spread covid,767
pasaman dutametrocom pasaman resident flock location vaccine implementation december covid vaccination carried pasaman district government cooperated,770
continue stop vaccine covid vaccine covid,772
jombang elementary school boy dy covid vaccine vomit fever,773
bantul area healing position covid increased exposed covid isolation bantul detention center intensively vaccinating,774
covid vaccine sinovac coronavac type vaccine recommended user third vaccine booster vaccine maximum result reason late vaccine trauma,776
implementation covid vaccine age klaten district accelerated age klaten receiving dose covid vaccine,777
booster dose covid vaccine news abbreviated khairy,780
ministry health accelerates booster covid vaccine due preparation omicron,783
global crisis economic world covid indonesia country impact trying save people prokes vaccine vaccinated please let people take risk including life,789
located cipaku village government resident underwent dose covid vaccine bhabinkamtibmas cipaku village paseh police bandung police monitoring implementation,794
careful information received check truth kompas tv news video circulating regarding fake covid vaccine check fact,796
covid vaccine culture prevents prevent infection prevent hospital impact prevent death,801
brazil president refuse son injected covid vaccine,804
dhl send covid vaccine province indonesia,807
upp kabbantaeng carry activity securing assistance covid vaccine bonto tappalang village kectompobulu socializing clean illegal levy,811
ministry communication information ministry communication information launched public jingle use vaccination mask prevent false news related covid vaccine,817
let read koarmada iii implement covid vaccine transmigration area click,819
serka totok nuriyanto sertu slamet sriyanto along bp suparman charge government member carry assistance health center covid vaccine door door kecmirikabsragen area,820
polda nusa tenggara ntb police investigating cause junk scavenger named lukman bima regency ntb province died receiving injection covid vaccine,822
covid vaccine,825
join brin eijkman focus developing covid vaccine,828
year mrcovid become frightening specter people mandatory vaccine succeeded destroying sanctity nation democratic law effective vehicle birth communist ideology directs nation god positive signal land,829
type covid vaccine permission bpom,831
sampurasun wargi wargi age covid vaccine old role accompanying liver vaccination,832
upp kabbantaeng carry activity securing assistance covid vaccine bonto tallasa village keculuere socializing clean illegal levy,835
sanction resident refusing vaccinated covid see infographic,839
indonesia used guinea pig covid vaccine,840
booster dose news abbreviated ministry health malaysiakkm decided covid vaccine booster dose abbreviated image credit named,843
distance taking booster dos covid vaccine type pfizer astrazeneca az shortened,844
hooray awaited covid vaccine age available pondok indah puri indah wednesday december hurry list scan qr code image limited supply,845
binda collaboration mask vaccine prevent spread covid,846
ups down sri mulyani hunt covid vaccine stock willing ta bill gate ' wife,848
city tegal injected covid vaccine,851
bangkok started injecting fourth dose covid vaccine,852
president support invite public obey health protocol follow government vaccine program result handling indonesian covid pandemic,853
booster covid pfizer astrazeneca receiving primary vaccine,854
spokesperson covid handling task force wiku adisasmito vaccine extra protection,859
booster dose covid vaccine abbreviated khairy,860
take covid vaccine people madura stronghold,861
let prevent third wave omicron variant covid discipline process reducing mobility delaying vaccine,863
based ground traveler must vaccinated covid negative result covid test complete rule traveller must fully vaccinated hayooooo vaccine yet complete,864
afternoon sunset trip discus covid pandemic belief vaccine dose world community gt point,865
elderly elderly gelam village cipocok jaya sub district enthusiastic participating covid vaccine serang bin city government held vaccine old banten province hoping healthy age amin,867
covid vaccine booster dose injection second dose,868
brazil president son injected covid vaccine,869
covid vaccine study affect woman fertility page,870
covid vaccine booster dose abbreviated kj,872
twenty percent unpas vaccine student waiting covid task force policy learning process,875
ministry health malaysia kkm decided booster dose covid vaccine abbreviated primary vaccine pfizer astrazeneca az coronavac sinovac set credit,876
story sri mulyani chasing supply covid vaccine melinda gate cnn indonesia,877
thailand malaysia omicron thailand design fourth dose covid vaccine,880
covid immunization efficacy booster dose variant omicron sarawak leader term booster dose effectiveness vaccine safety,881
israel show fourth dose booster injection covid vaccine sprayed indonesian professor,884
covid vaccine emergency use permit,886
safety efficiency vaccine performance minister health decides vaccinate covid survivor declared cured follow rule kindness,887
mobility limited adult traveller full dose covid vaccine medical reason,888
schedule location vaccine surabaya newmalangpos vaccinated community enjoys vaccine holiday protect exposure omicron variant covid quoted,890
strong evidence accumulated week covid booster vaccine likely increase protection omicron variant infection,897
covid vaccine emergency use permit pom agency full,901
effective preventing covid pfizer vaccine demand people south sulawesi,907
third wave covid beware vaccine vaccine wear mask keep distance wash soap avoid crowd,909
police ketapang conduct raid covid vaccine,911
marbau police door door actively invite public carry covid vaccine,912
spokesperson ministry health covid vaccination siti nadia tarmizi due indonesian omicron variant complete dose vaccination injected covid vaccine,913
follow covid vaccination halal vaccine forget obey health protocol,915
video conference led irwasum polri order continue implementation covid vaccine,916
government boost corona vaccination people get old experience symptom disease receive covid vaccine see full infographic mom,917
head covid task force team leader jockey vaccine recipient,921
body age susceptible covid vaccine active role old guard attacked omicron variant see answer,922
sincere work sri mulyani country remembers free covid vaccine mumet click read,923
remember free covid vaccine policy minister finance sri mulyani mumet,924
improve body going covid vaccine,925
banwangi covid vaccine increase success bright covid vaccination,926
security monitoring activity order prevent disturbance security social order comfort medical staff participating covid vaccine injection stage held bin kaltim,929
country formed government care people vaccine save million people covid death decrease risk getting infected decrease,930
prevent omicron variant covid people urged afraid vaccine,931
provision age vaccine aim protect exposure covid safety carry face face learning limited ptm wary variant protecting family,932
sri mulyani remembers mumet free covid vaccine,934
vaccine car around klungkung police station senggol market covid vaccination,935
closely monitored israeli hospital fourth dose covid vaccine,936
bangkok metropolitan administration bma reported planning fourth vaccine dose group risk exposed covid due highly infectious omicron variant,939
covid vaccine halal community task force afraid,942
bpom publishes eua covid booster vaccine clinical trial result via,944
step avoid spread covid discipline health protocol full dose vaccine wary variant,946
target set world health agency fulfilled indonesia continues vaccinate citizen covid vaccine,947
sinovac vaccine proven protect covid virus prokes protect family,948
member house representative commission ix saleh partaonan daulay advised government ministry health prioritize covid halal vaccine used line president announcement opening lampung congress,949
note location jabodetabek covid vaccine,950
news covid vaccine made human fetus check fact,952
halal covid vaccine people afraid procedure protect family,954
vaccine protect covid,955
hoax covid vaccine circulated week wary variant,956
president joko widodo statement regarding use halal vaccine followed covid task force use lppom mui halal certified vaccine,959
thank god covid vaccine thank teacher doctor hope school face face,960
doctor immunization task force indonesian doctor association idai covid vaccine prokes protect,962
issuance certification type vaccine covid sinovac zifivax food medicine research institute cosmetic lpbpom mui support president joko widodo evenly distributed vaccine indonesia,963
covid vaccine study affect female fertility rate,965
million dos vaccine produced bio farma july marking development indonesian covid vaccine,966
indonesia accepts donation million dos covid vaccine,971
pandemicovid forgot implement full dose vaccine procedure,978
polres tanah laut polda south kalimantan held raid covid vaccine card tanah laut police headquarters jalan prosperity pelaihari number tuesday morning wary variant,981
let water police check mobilization covid vaccine,982
million dos vaccine produced bio farma july marker development covid vaccine indonesia country meet need vaccine,983
banwangi vaccinated covid december launched vaccine december total planned banwangi vaccinated february adjusting vaccine availability,985
celebrating covid inhil vaccine week attractive prize,986
covid immune vaccine keep obeying health protocol stay away crowd avoid crowd,987
covid thailand design fourth vaccine dose,989
integrated service vaccination sambang resident village kessirejo bodeh tuesday collaboration increase coverage resident vaccinated covid mentoring area come closer aden,993
minister state owned enterprise erick thohir many million dos vaccine produced bio farma july development indonesia covid vaccine indonesia meet vaccine need independently suppress vaccine import,994
many one million individual percent completed booster dose covid vaccine monday increase individual completed booster dose injection,995
jakarta indonesian technical advisory group immunization itagi old child health history vaccinated anticipating side effect covid vaccine watch,999
state government pay attention access person disability covid vaccine vaccination monitoring system reach disabled group,1000
thailand raise covid vaccine injection,1003
covid vaccination age area ​​kresek sub district december protect covid family covid vaccination school dare vaccinate,1005
due easy infect variant bangkok metropolitan administration bma planning fourth vaccine dose covid exposed risk group,1006
holiday highlight get pfizer booster fun walk vaccination center given question asked english people covid immunization citizen foreign country even illegal immigrant get covid vaccine without condition,1007
environmental covid vaccine,1008
guy family aged forget vaccine avoid covid virus omicron variant wary variant,1009
age covid vaccination center required accompany elderly bring fc id card vaccine participant must wary variant,1010
reduce risk spreading covid obey vaccination health protocol let vaskin vaccine wary variant,1011
vaccine forgot vaccine vaccination reduces risk spreading covid wary variant,1012
implementation covid vaccine kick program islamic elementary school age hope,1015
christmas holiday long distance train passenger required full dose covid vaccine negative covid mandatory rapid test pcr,1018
avoid spread covid visitor majalengka tourist area must vaccinated,1019
basudara quality covid vaccine maintained community high enthusiasm community covid vaccine caused emergence fake covid vaccine,1020
people afraid covid vaccine prokes protect family,1021
israel fourth dose covid vaccine citizen,1022
counteract covid variant prokes vaccine protect family,1026
coordinating minister airlangga update development covid vaccine,1028
halal covid vaccine community task force afraid procedure protect family,1029
great pt bio farm produce covid vaccine,1034
prevent omicron variant covid people urged afraid prokes vaccine protect family,1038
halal covid vaccine community task force afraid protecting family,1041
prevent omicron variant covid public advised afraid prokes vaccine protect family,1042
bio farma produce million dos covid vaccine july marker indonesia vaccine development state fulfills need independent vaccine,1043
deputy chairman commission ix dpr emanuel melkiades lena welcomed government policy regarding independence indonesia covid vaccine,1044
bio farma december conduct clinical trial covid vaccine targeted clinical trial complete phase domestic vaccine production suppress vaccine import,1046
stop spread covid regent invite public vaccinate read,1047
nine million indonesian covid vaccine,1048
escorting distribution covid brimob vaccine north sulawesi province implementation escorting vaccine avoiding need destination vaccine,1051
israel fourth dose covid vaccine group health worker,1058
minister state owned enterprise erick thohir million dos vaccine produced bio farma july marker development covid vaccine indonesia state fulfills vaccine need independently,1061
suppress spread covid visitor majalengka tourism object must vaccine,1062
erick thohir million dos vaccine produced bio farma july marker development covid vaccine indonesia state fulfills vaccine need independently,1064
million dos covid vaccine indonesia friendly country,1067
papua covid vaccine,1070
tempo held discussion entitled `` vaccine hero '' aim providing information wider community covid vaccination program reducing rate virus spread increasing,1073
covid pandemic friend police step avoid spread full dose vaccine health protocol discipline,1075
designed common people management vaccine dealer covid immunity quickly dy,1076
polres covid vaccination schedule support vaccine increase herd immunity,1077
creation herd immunity cleric government community leader invite people afraid vaccinated covid halal covid vaccine,1081
israel trial fourth dose covid vaccine,1089
protect family omicron virus postpone travel risky country practice self help public health measure covid vaccine booster dose implement triis,1091
hundred central metro elementary school student injected covid vaccine,1094
israel hospital injection fourth covid vaccine,1097
special committee ensure access covid vaccine jkjav covid set national post flood special committee jkpbk,1103
pcr test related vaccine ideally pcr test symptom covid country pcr test condition traveling activity vaccine n't work crowd rule,1105
flat land mandatory covid vaccination vaccine refuse banned,1107
read detikinet article microchip proof covid vaccine planted human download detikcom apps full,1109
old victim child vaccinated covid school far know sadistic old man guarding protection vaccine discourse dose,1118
declaration covid vaccination invite vaccine healthy smart smart shalih shalihah belongs government covid vaccine,1119
binda banten carry vaccination hundred people age people tangerang city reduce impact covid vaccine,1120
thai scientist develop tobacco leaf covid vaccine,1122
covid vaccination booth age december type vaccine sinovac daily quota wib pratama clinic sleman police,1124
erick thohir bio farm produce million covid vaccine,1130
crazy vaccine covid monday december died esemka premium car barbie laptop lapindo yogyakarta,1131
pfizer indonesia vaccine news august covid vaccine,1136
task handling covid task force noted indonesian citizen received dose covid vaccine sunday wib,1137
coordinating minister airlangga covid booster vaccine wait january,1139
covid vaccine nurunnajah jakarta indonesia,1140
news hoax afraid told truth license practice revoked money called hoax fake news omicron variant appears due complication covid treatment vaccine fact,1143
thousand island marina ancol pier tourist required comply covid vaccine,1145
get know johnson johnson covid vaccine,1150
line easing concern market participant omicron variant mild risk fatality study compared domestic covid vaccination rate variant increased positive dose vaccine,1152
omicron variant soar israel trial fourth dose covid vaccine injection,1156
indonesia received nine million dos covid vaccine monday,1157
france greece indonesia donation covid vaccine,1158
covid vaccine affect blood color expert blood color difference caused blood oxygen level vaccine affect blood color,1160
quick vaccine protected exposure covid virus,1161
vaccine protects elderly elderly liver susceptibility covid vaccine,1162
covid vaccine developed westvac biopharma virus neutralizing antibody titer omicron coid,1163
sweden covid vaccine,1180
health worker let take survey covid booster vaccine health dki jakarta easy click survey link aimed level acceptance trust human resource,1181
happy vaccine gebyar covid kuantan succeeded achieving target percent people vaccinated,1184
trip feel covid vaccine long way indeed alhamdulillah,1185
red white vaccine state owned vaccine produced,1186
thank god covid vaccine thank golden ticket sesko tni jln raa martanegara bandung,1189
prevent transmission covid nataru bogor city police raid bus passenger vaccine,1193
first covid pandemic step avoid spread full dose vaccine health protocol discipline,1194
vaccine prevent spread covid,1197
covid vaccine tremor,1200
friend government vaccination aged parent panicked find child indication symptom follow event kipi immunization covid vaccine injection,1201
mutated covid pandemic lurks take care closest health protocol receive vaccine,1202
willingness community receive vaccine willing receive covid vaccination,1206
batam student ' parent enthusiastic sending child participate covid vaccine,1208
covid decreasing pandemic take care covid process wear mask keep distance carry vaccine,1209
covid vaccine spirit community vaccine spirit vaccinator,1210
microchip test check covid vaccine realized looking alien detection advanced technology camera recognizes face fingerprint identification,1217
flat land mandatory covid vaccine via,1218
thousand island kaliadem port muara angke tourist required comply covid vaccine procedure,1220
google feature nearest covid vaccine test information,1225
microchip check covid vaccine materialized,1226
visitor covid vaccination data collection health screening injected covid vaccine,1227
covid vaccine takalar kodim timbuseng village office kecpolut kabtakalar,1228
ministry health noted omicron variant detected indonesia patient vaccinated covid vaccine,1229
danramil ngaringan ckm captain punjul sarwono forkopimcam attends socialization age covid vaccine followed head elementary school ngaringan sub district head ngaringan sub district gor uptd education belor ngaringan village,1232
hundred holy age injected covid vaccine click link,1234
airlangga covid booster vaccination program booster program advanced dose vaccine waiting recommendation report itagi january uncle,1240
monday december state iriana joko widodo reviewed implementation covid vaccination received sinovac vaccine,1245
home covid vaccine,1246
age vaccination program run periodically covid vaccine sinovac vaccine emergency use authorization eua bpom itagi idai declared halal mui full cnn news update,1251
news age covid vaccination held december bpom issued official permit emergency use authorization status eua sinovac vaccine,1260
covid vaccine dose prevent transmission omicron,1262
bhabinkamtibmas jatikalen police actively monitoring pule village covid vaccine,1264
'm afraid vaccine protect covid age vaccination bhayangkara hospital prof awaloedin guaranteed semarang,1267
friday welfare people bonang fortunately waluyono staff bonang sub district active monitoring covid vaccine dose bonang health center bonang district bonang health center isee instagram photo,1269
covid vaccine donated neighboring country million dos indonesia ministry health covid vaccine donated neighboring country,1270
babinsa jetis village monitoring covid vaccine assistance,1271
vaccine carried infected covid prokes discipline,1272
checking manual covid vaccine test result slow talk metaverse,1275
keep covid vaccine location info vaccine schedule rebo jaktim market,1279
school health center hospital vaccination center closest home hoped vaccine protected spread covid variant vaccine variant various benefit,1282
vaccine covid vaccine vaccine symptom,1284
believe covid fake injecting vaccine sold government,1286
indonesia arrives nine million dos covid vaccine,1290
swedish citizen embed microchip containing personal body install covid vaccine tracking microchip,1293
adult population million individual percent completed covid vaccine injection,1294
antidote virus cause covid appears super variant proof vaccine appears type virus cause covid really super jumbo dumbo jump watch,1304
indonesia week arrives nine million dos covid vaccine,1309
indonesia arrives nine million covid vaccine,1310
nine million covid vaccine donated indonesia,1311
week december indonesia arrived nine million dos covid vaccine,1313
9 million covid vaccine donated indonesia reach vaccination target,1314
equal access covid vaccine strive equal access vaccine world nation,1315
hhh sunday indonesia arrives nine million dos covid vaccine,1316
equal access covid vaccine equal access vaccine world nation sought,1317
indonesia arrival covid vaccine reach million dos,1319
indonesian nation arrives million dos covid vaccine,1320
indonesia arrives million dos covid vaccine,1321
nine million covid vaccine donated indonesia divided stage arrival,1323
indonesia covid vaccine recipient penetrate million kominfo soul vaccinated,1324
covid patient vaccine december,1325
idol named covid religion covid pandemic apostle minion book strange law deception spread opinion pledged vaccine proces hell variant variant,1327
spokesman saudi arabian ministry health dr mohammed stressed saudi arabia full dose covid booster vaccine increased sharply,1333
update covid vaccine service december covid vaccine service age,1337
indonesia arrives million covid vaccine,1341
covid think mild symptom mean neglecting self quarantine spreading virus weak getting worse getting long covid including vaccine wearing mask safe airspace limit contact,1343
forcing emergency vaccine relevant covid variant ivermectin proven effective recognized government,1344
million people receive dose covid news bengkulu vaccine,1351
million indonesian receive dose covid vaccine,1353
health worker sale vaccine looking health worker victim policy people doctor decide prevent covid mandatory vaccine,1354
covid vaccine donated neighboring country million dos indonesia,1357
latest aceh news aceh covid vaccine percent reach target percent,1361
microchip proof covid vaccine planted human,1364
manpan mandatory covid vaccine,1370
bengkayang police sanggau ledo police bengkayang police west kalimantan police accelerated covid vaccine program resident christmas vaccination program,1371
million people receive dose covid vaccine,1372
turkey covid vaccine turkovac product name,1373
age covid vaccine know vaccination rolled stage december provincial regency vaccination target originally targeting million indonesian,1375
million indonesian receive dose covid vaccine,1376
vaccinated covid allowed donate blood many covid vaccine called pmi city donor month call,1382
covid antibody increased percentage full vaccine study,1383
jakarta dki achieves percentage covid vaccination dose list vaccine jaki application easy read,1384
reported finding hoax covid vaccine tuesday hoax finding spread social medium,1389
covid indonesia million dos vaccine injected,1393
indonesia appreciates france commitment increasing equal access global vaccine indonesia appreciates france support commitment towards equitable access global covid vaccine,1394
point vaccine product fail vac treat prevent covid offspring treat proof prevent positive one omerick omluhut vaccinated,1396
director elementary school attended implementation delivery covid vaccine premiere bintaro primary school age order accelerate administration vaccine make indonesia healthy intelligent character,1397
recognize function covid vaccine process body antibody antibody attach covid virus protein active antibody active virus system formed recognizes covid virus,1398
news polio ambassador news arowana tukul vaccine ambassador guy really vaccinated covid polio vaccine fell healthy coma news,1399
covid vaccine prevents serious illness death interacts virus,1401
medium info closest environmental friend dose vaccine severely affected covid,1404
injecting vaccine dos infected covid immune,1407
dose vaccine make absolutely confident 're immune covid better safe sorry process strictly guarded,1410
protection vaccine complying procedure stay away covid crowd fighting guy,1413
check covid vaccine certificate,1414
let learn covid vaccine stimulates immune system detects covid virus vaccine protects body,1416
complete package prokes vaccine avoid exposure covid,1417
appetite increase vaccination normal like covid,1418
covid vaccine reduces risk recipient infected covid infected experiencing mild symptom,1419
resident jogotirto sleman kodim covid vaccine,1420
understood even vaccine infected covid derivative remember,1424
symptom omicron variant vaccine effective danger covid vaccine,1427
vaccine powerful shield covid gengs,1429
conclusion vaccine vaccination exposed covid vaccine combination prokes vaccination process covid,1431
relation ghebreus forgetting health protocol prevent transmission covid covid vaccine let guess mode,1440
babinsa koramil sangir kodim solok serda iksan tiago carried assistance activity covid vaccine resident jorong bariang palabihan nagari lubuk gadang utara sangir solok selatan regency sunday,1449
active btkuis police chief akp simon pasaribu sh police chief d police force hold meeting achieve covid polresta vaccine d,1458
reason vaccine free take covid lightly,1462
cuba succeeded suppressing rate covid vaccine made december peak thousand daily,1464
let understand immune stage covid vaccine formed,1471
covid vaccine stimulates immune system fight covid virus body natural response virus,1481
happy get vaccine parent also happy receive covid vaccination,1495
complete dose vaccine definitely ward covid,1508
covid vaccine work stimulating system,1520
benefit vaccine stimulate immune system reduce risk transmission covid contracting covid impact heavy herd immunity group immunity,1541
magic vaccine discipline health protocol ward covid virus attack,1542
reinfection covid baby double sad baby decides vaccine baby strong,1582
vaccine reduce risk transmission prevent covid take care progress,1589
home receiving vaccine vaccine tamens preventing enemy covid virus,1598
december riau covid vaccine achievement,1628
dozen sarolangun rider vaccinated covid check point officer passed via,1631
komsos fostered babinsa educates covid vaccine,1633
beware hoax devil liquid containing covid vaccine cause death,1634
solo municipal government vaccinates age 1 year de sdn kleco sdn kleco vaccination titled kick age covid vaccination requires vaccine participant accompanied parent take part health history screening,1635
initiative handling pandemic include deferral payment low state debt injection trillion handling covid gt trillion usd declaration riyadh reduction elimination import tax reduction vaccine duty,1636
active social community education kamsel unit cliff police appeal public implement prokes prevent transmission covid appeal vaccine community vaccine,1637
scientific event human resistant covid vaccine,1641
common regarding pregnancy covid vaccine excerpt myhealth september edition click reposted,1643
portugal country highest vaccination rate world injects covid vaccine child aged via,1645
vaccine keep surge covid nataru facing face face kbm semester prokes protect nation,1646
photo proof covid vaccine form microchip planted,1647
support vaccination accelerate creation herd immunity people afraid vaccinated covid halal covid vaccine prokes protect nation,1650
achievement covid vaccine riau reach percent,1654
achievement northern maluku covid vaccine percent,1660
pam postal member exit toll intersection pematang ops wax krakatau checking completeness driver health letter covid free letter covid vaccine certificate carrying homecoming,1663
president joko widodo government step protect covid pandemic use type vaccine,1665
india january juvenile covid vaccine via,1671
sb language covid vaccine wasted omicron variant spread via,1673
ok agree accept like family christmas celebrationcovid infects human let get vaccinated good unfortunately ukraine war russia america war,1683
covid vaccine type vaccine type vaccine benefit reading wikipedia scientific vaccine scientific medical science making profit bda,1685
need covid vaccine increase line indonesia age vaccination program,1694
indonesia receives arrival pfizer vaccine dose hold stock covid vaccine,1700
need covid vaccine increase percent,1701
need covid vaccine increasing,1702
need covid vaccine increased percent,1703
moluccan brimob escort ten thousand vial covid vaccine,1705
active role babinsa assisting covid vaccine,1706
covid vaccine escort personnel brimob unit southeast sulawesi regional police lead iptu kadek agus budianto,1710
vaccine injected body ward virus improve vaccine solution ward covid virus blindly prove,1719
true warrior figure dare people alliance sue go ministry health challenging open dialogue regarding handling covid coercion vaccine indonesian people dare,1723
indonesian elder vaccinate step protect covid virus president jokowi government provides free vaccine indonesian people take advantage indonesian spirit,1724
covid vaccine mandatory omicron continues use vaccine,1727
achievement covid riau vaccine reach percent via,1729
picture effectiveness antibody booster covid vaccine effect booster moderna recipient x coronavac scheme used indonesian health worker august kepo,1730
expert injecting covid vaccine reason,1731
check great achievement riau covid vaccine reach percent,1734
hutaraja pospam officer tighten check covid vaccine card,1736
upp kabbantaeng carry activity secure assistance kelpallantikang covid vaccine kecbantaeng socializes clean illegal levy,1739
covid vaccination form indonesian protection bpom issue emergency use permit eua sinovac vaccine declared jokowi age pandemic,1742
trackside stand packed spectator strict health protocol committee health protocol covid vaccine booth committee vaccinating community member,1744
doc,1749
use service jockey injected covid vaccine,1752
update achievement covid kkp vaccination pontianak class december visualization vaccine achievement accessed page,1753
vaccine stop getting infected covid,1754
hurry papa mama sister complete x november covid vaccine papa hot fever,1756
covid vaccination december age group check covid vaccine certificate,1757
commission ix dpr encourages government halal covid vaccine,1761
regent threatens student covid vaccine certificate regent instruction share,1764
look advice use sinovac vaccine immune system killed covid vaccine turned receives booster vaccine,1767
attention good afternoon kage giving booster vaccine thought increase full antibody avoid covid,1768
infected covid vaccinated immunity produced infection better vaccine based good study,1769
prince william covid vaccine last may even though uk vaccination program officially december world prince william queuing age,1770
atmosphere christmas pandemic lively midst covid intolerance decreasing keep health protocol wear mask keep distance complete vaccine guy,1771
indeed vaccine guarantee n't get covid vaccine pcr swab test destiny die god hand fate covid hand official,1775
coordinator pp coffee morning kasatpol airud polres pidie ramil sigli city representative indonesian armed force discus acceleration covid vaccine fishing community,1776
sinovac covid vaccine proven prevent serious illness clinical trial vaccine recommended bpom itagi idai declared halal jokowi fight pandemic,1779
let take advantage covid vaccine holiday upt puskesmas bandung gebyar vaccine week upt puskesmas bandung,1781
covid vaccine injector reason,1782
orange variant covid vaccine like drinking multivitamin variant,1783
home affair minister delay payment tukinnya minister home affair minister home affair karnavian advises state civil servant reluctant participate covid vaccination program,1784
north cilacap police chief monitor implementation covid vaccine sd situation running smoothly,1785
refuse jockey pinrang service user injected covid vaccine,1792
official age vaccination tuesday note check download covid vaccine certificate,1793
regional head get btt social assistance fund accelerate covid vaccination target covid vaccine resident met,1795
jockey service user injected covid vaccine,1797
indonesian government achieves covid vaccine target according recommendation,1798
ministry finance vaccinates million dos vaccine worth rp thousand covid patient treatment cost worth rp helping million micro enterprise rp maintaining health,1800
banjarmasin covid task force vaccine card raid,1803
end pandemic stop covid vaccination program create healthy society productive covid vaccine,1804
koramil bangko hipmi implement covid vaccine,1805
thank god covid indonesia healthy afiat comorbid heart grab dead passenger car x january march infected papa vaccine consuming vit,1809
covid vaccination requirement microchip company activity passport covid vaccine planted,1816
halal covid vaccine,1819
spiderman et al accompany child injected covid vaccine sukoharjo police,1822
epicenter confident introduce microchip store covid vaccine certificate,1823
semarang city receives fighting covid vaccine,1824
harvest sale covid pcr vaccine terday audited,1825
ugm expert teen covid vaccine christmas holiday,1828
million adult population complete covid vaccine report kkm,1839
clinically tested covid vaccine,1840
comply christmas holiday proces third wave surge ugm expert covid vaccine teenager,1846
believe vaccine dealing covid proof people forced get vaccine like anticipate covid apart pro con mdhan kedpn patented drug injectables volume,1848
research john hopkins center communication program november indonesian respondent percent respondent doubt vaccination side effect covid vaccine,1849
prokes christmas holiday ugm expert covid vaccine teenager,1852
old people worried covid vaccine singe portalnesia,1856
covid vaccine reduces symptom omicron corona virus see explanation,1863
organizer sundance film festival announced require festival visitor show proof covid booster vaccination,1868
free vaccine bandung resident let get dose covid vaccination let take part free vaccine know,1870
vaccinated infected covid vaccine card used condition people obligated vaccine threatened government official take advantage vaccination,1871
microchip proof covid vaccine planted human whole thing use care protect made country hopefully nation talkative using microchip,1880
opportunity help cook home scale artisan pasta restaurant active wfo covid positive vaccine,1881
kj press conference morning regarding booster vaccine covid pps tek,1882
covid vaccine present indonesia distributed community,1886
ceo biontech cancel sahin covid vaccine injection following fact,1888
last week indonesia reached stage mass vaccination covid injecting million dos vaccine reaching national vaccination target complete dose category,1890
forgot compact discipline wonosobo wave covid vaccine free covid,1896
romania police motto protect serve public aware used tool trader covid vaccine romania collided community implementation wish best process romania deal covid variant trader,1897
help accelerate vaccination yonif raider sweeping vaccine,1898
bpjs obliged make booster vaccine free covid booster vaccine mandatory,1905
police chief flare enthusiasm covid vaccine participant,1910
batam indonesian protestant church congregation gpib zebulon batam required receive certificate receiving covid vaccine minimum dose required attend christmas worship,1912
covid pandemic studied microbiology shouted people vaccinate get incentive become covid task force vaccine task force,1913
look like getting covid vaccine really need rabies vaccine,1914
indonesia belgium jockey covid vaccine indonesian citizen excited news jockey covid vaccine belgium,1920
security guarding covid vaccine sultan hasanuddin airport south sulawesi provincial health office,1926
body vaccine scientist shocking fact japan immune covid found body,1927
semarang city receives covid vaccine,1934
minister home affair minister home affair tito karnavian advises delaying payment performance allowance state civil apparatus covid vaccine,1936
vaccinating million dos vaccine worth rp thousand covid patient treatment cost rp,1937
vaccine participant per day appeal public obey health protocol careless covid pandemic surround stay safe keep traffic celebrate christmas home,1940
covid vaccine booster dosage infographic vaccine effectiveness vaccine combination source malaysian ministry health,1946
gangar pranowo greets student queuing covid vaccine gangar pranowo run smoothly semarang city health office target inject thousand vaccine,1949
check clarification health office regarding finding scattered vaccine participant district administration covid vaccination card photocopy id card photocopy family card vaccination participant screening sheet,1952
prevent crowd prospective passenger commercial plane worried triggering cluster transmission covid ministry transportation eliminates addition christmas commercial flight vaccine passenger,1953
covid vaccine percent ntt chief optimistic percent target achieved,1954
mom check covid vaccine certificate,1957
covid booster vaccine expert,1958
million vaccine covid sinovac indonesia vaccine chinese government total vaccine supported chinese government indonesia million dos,1959
north sumatra receives covid vaccine,1962
vaccine booster dose covid sinovac biotech ltd china world produce neutralizing antibody level protect omicron variant via,1966
news age guinea pig covid vaccine commotion detail via,1969
christmas bandar lampung church guarded police covid vaccine booth prepared,1976
indomy friend forget take care health avoid covid follow health protocol fulfill requirement vaccine forget spirit vaccine,1977
week age city blitar covid vaccine progress vaccination achievement quite fast,1978
yoongi symptom arrived korea next day positive pcr test confirmed say yoongi vaccine yoongi contact symptom symptom currently undergoing treatment,1981
gaes covid vaccine let obey health protocol yaa forget pray yoongi get well soon,1985
potential cuan polres pinrang south sulawesi found resident service jockey covid vaccine rahim avoid injected vaccine,1993
vaccine acceleration method help government pursue herd immunity protected exposure covid virus,1994
sarolangun district community vaccinated covid inmate sarolangun class prison vaccinated participated mass vaccination carried sarolangun district health office collaboration lgm,1995
gegana detachment ntb friday gegana detachment personnel carry security guard activity arrival covid vaccine ntb province,1996
pangandaran regent jeje wiradinata dose pangandaran covid vaccine reached percent,1999
nigeria destroys million dos astrazeneca vaccine edunewsid destroys million dos astrazeneca vaccine covid vaccine expired,2000
vaccine proven reduce risk infected covid variant,2003
covid vaccine jockey admits drinking coconut water effect detikhealth,2004
gangar pranowo greets student queuing covid vaccine siti atikoh husband student afraid vaccination,2006
giving booster vaccine resident balikpapan covid task force waiting central instruction,2008
giving booster vaccine resident balikpapan task force covid waiting instruction center covid task force city balikpapan instruction holding third dose community booster,2009
accelerate herd immunity insurance company thousand covid vaccine,2011
require paddock personnel undergo covid vaccine program,2017
patient congenital heart disease covid vaccine dr sharif rohimi spa via,2024
soekarno airport passenger must vaccinated covid pcr full via,2026
use covid vaccine certificate required,2028
mandatory cirebon city vaccine prevent covid christmas,2033
turkey approves emergency use turkovac domestic covid vaccine,2034
jayapura city green zone covid elderly vaccinated,2036
achievement cianjur district covid vaccination december reached percent soul target life vaccine target click link,2037
si seto covid vaccination mandatory vaccine,2039
accelerate herd immunity insurance company help thousand covid vaccine mandatory vaccine,2040
spokesperson covid vaccination ministry health siti nadia tarmizi omicron panicked alert health protocol maintained relaxation mobility choose vaccine,2042
indonesian government accelerates expansion provision covid vaccination region highest dose covid vaccine inoculation,2044
late post support invite people obey health protocol follow government vaccine program result handling indonesian covid pandemic community enthusiastic participating government covid vaccination program,2045
death due omicron variant survivor covid vaccine comorbid disease easy get infected covid,2046
covid vaccine experience,2047
order secure christmas activity lodaya candle operation held december january people bandung regency orderly manner obeyed covid vaccine health protocol,2051
national police chief emphasizes guarding investment covid pandemic mandatory vaccine,2055
prevent surge positive covid ahead mandatory vaccination,2056
south sumatra provincial government anticipates covid replace ppkm mandatory level vaccine,2057
insurance company thousand covid vaccine,2062
covid vaccine clinically tested mandatory vaccine,2066
government vaccinates aged parent panicked find child indication symptom follow event kipi immunization covid vaccine injection,2067
covid obeys health care procedure mandatory vaccine,2068
cork police distributes mask resident prevent spread covid vaccine discipline obeys health protocol prevent spread covid,2071
prevent spread covid omicron ahead mandatory vaccination,2074
jembrana focus handling covid door mandatory vaccine,2076
mandatory covid vaccination vaccine reason benefit post injection symptom,2080
ipb creates practical covid vaccine antibody detection tool economical precision device called elisa ipb referring basis enzyme immunosorbent assay,2085
covid must vaccinated,2086
role elderly key success vaccination si seto covid vaccination must vaccinated,2087
south sumatra provincial government anticipates covid replace ppkn mandatory level vaccine,2090
reason covid vaccine mandatory,2092
national police chief directs prevent covid rank regional police required vaccinate,2099
south sumatra provincial government anticipates covid mandatory vaccination,2101
prevent covid variant omicron mandatory vaccine,2104
government joko widodo maruf amin indonesia victorious covid storm mandatory vaccination,2109
age covid vaccine know see explanation obey avoid crowd,2113
indonesia carry booster injection covid vaccine vaccine community full obedience avoid crowd,2116
realization indonesian population injected full dose covid vaccine reach million,2117
covid subsides south sumatra provincial government anticipates covid mandatory vaccine,2119
gilimanuk police implement safeguarding vaccination covid,2121
beware covid vaccine hoax effective covid vaccine,2133
want keep covid vaccine microchip created implanted human skin,2137
babinsa bhabinkamtibmas monitor covid vaccination vaccine type astrazeneca sinovak dose tanjungsari kectersono village hall,2138
order secure christmas activity lodaya candle operation held december january people bandung regency orderly manner obeyed covid vaccine health protocol,2145
active vaccine booth village office great appeal vaccine prevents covid virus,2146
calm fear covid vaccine needle,2152
ahead nataru member ternate kodim continue check vaccine certificate passenger departing ahmad yani port limit community mobility prevent emergence covid cluster,2153
warns omicron variant spread quickly,2156
march covax facility indonesia vaccine strong collaboration global national level resulted milestone war covid largest vaccine supply operation history,2157
president joko widodo support invite public comply procedure participating vaccination program impact handling covid pandemic invitation people hesitant get vaccine enthusiastic participating vaccination program,2159
jokowi world leader surprised indonesia point covid vaccine,2164
sidokkes precision vaccine booth palangka raya police precise volunteer carry covid vaccination palampang tarung jalan tjilik riwut km palangka raya city thursday wib,2167
circulating video guinea pig vaccine explaining covid task force,2168
booster vaccine program extends covid pandemic,2169
spokesman task force handling covid prof wiku adisasmito government made vaccine open opportunity red white vaccine booster vaccine candidate,2171
myocarditis mrna vaccine scientist june mrna vaccine relationship covid risk rare heart inflammation teen young adult say vaccine benefit pretttt,2173
world covid vaccine recipient margareth kenan england december died december reached year old,2181
vacancy high school train service personnel male female security personnel tattoo participate covid vaccine program minimum education dose minimum high school education equivalent physically mentally healthy,2188
thousand jombang simultaneously undergo covid vaccine,2191
waiting free booster vaccine paid government covid booster red white vaccine,2197
forgot vaccine suppress spread covid,2209
try covid pandemic told covid vaccine easy get omicron told omicron vaccine,2211
prepaid debit card dollar resident boosted third vaccine december faced covid omicron variant,2213
behavior receiving covid vaccine via,2220
indonesia quantity succeeded receiving world complete dose covid vaccine minister communication information johnny plate,2221
omicron variant covid infecting united state people country injected covid vaccine,2229
contact pt avo formula neutralize covid vaccine neutralize covid,2235
pmi cibinong screening officer covid donor vaccine said donor blood donation feared bring bad effect central pmi recipient said road field,2237
president thanks cleric cleric inviting community vaccinate covid,2238
covid vaccine hoax found social medium uploads,2239
dose covid vaccine people city malang reached percent,2240
ministry health recommends halal covid vaccine,2245
guy function vaccine increase body immunity guarantee vaccine exposed covid omicron virus,2247
dramaga polsek vaccine door door acceleration covid vaccination,2248
million dos covid vaccine used nigeria,2251
solo muhammadiyah elementary school student undergo covid vaccine,2252
army find spfn vaccine claimed covid variant,2256
covid vaccine microchip theory applies sweden,2260
vaccine full alertness omicron mutation covid virus avoid,2263
present event family exposed swab pcr covid test hopefully proof vaccine immune effect feel like symptom,2264
gorontalo regional police chief proud people aware covid vaccine,2266
injected hepatitis b vaccine covid x vaccine waiting ultraman,2268
upp kabbantaeng actively carrying security assistance covid vaccine bonto matene village kecsinoa socialization clean illegal levy medium personnel mask bearing logo saber extortion regional government,2269
injected covid vaccine via,2271
stay safe obey vaccine procedure friend holiday potential covid transmission let celebrate christmas home comfortably,2273
dpr member recommend ministry health use halal covid vaccine,2284
inmate seka prison undergo covid vaccine,2297
government archipelago vaccine booster covid vaccine,2336
technology brings leading breakthrough unexpected covid vaccine apple recognition,2342
acehkini aceh polda dirlantas aceh issued mandatory regulation covid vaccine certificate aceh transport passenger increased inspection passenger crossing sabang ule port,2343
former president united state donald trump received booster dose covid vaccine first time supporter happy decision om donald buddy,2345
aware covid discipline wearing mask proven prevent transmission complete vaccination reduce risk death vaccine mask lovebird pandemic completes,2347
military develops vaccine covid claimed effective variant,2348
february sinovac vaccine july moderna booster vaccine july allah boosted original covid virus,2350
type vaccine effective protecting family exposed covid virus covid vaccination form antibody creates herd immunity group immunity,2351
forced vaccinate hometown total covid vaccine tried telephone line picked helped email responded,2354
inject vaccine thank god belgium inject vaccine third pfizer moderna friend vaccine injected,2355
babinsa koramil tigi pillar covid vaccine door door,2356
hysterical injected sick covid vaccine,2358
dirlantas polda aceh issued mandatory rule certificate covid vaccine aceh transport passenger increased inspection passenger crossing sabang ulee lheue port banda aceh thursday,2359
nigeria destroys million covid vaccine,2370
omicorn type covid discovered indonesia received vaccine assistance germany france,2372
healthy indonesian covid vaccine,2373
bro minimum covid vaccine,2388
vaccine let visit vaccine government provides vaccination reduce risk infected covid guy,2393
germany jakarta covid vaccine dose,2394
government prof clinical trial vaccine beneficial prove scientific research fact infected transmits covid,2396
excitement covid vaccine containing devil liquid cause death fact,2397
install care protect application benefit vaccine certificate file mapping application related covid village village level,2400
jeneponto police picked resident participating covid vaccine,2404
run covid vaccine process,2405
covid vaccination limited availability vaccine male female inmate,2407
equitable distribution covid vaccine key overcoming omicron,2413
nataru holiday air feel like forgot take care washing process soap went prevent transmission covid forgot wear complete vaccine mask okay,2414
jokowi world leader surprised indonesia point online covid vaccine,2418
check nothing covid vaccine,2419
availability vaccine key breaking chain covid spread,2420
reject covid vaccine intel threatens employee paid,2421
positive message covid brian may vaccine covid proven vaccine,2422
turkey launch covid vaccine turkovac turkey released covid vaccine turkovac wednesday approval emergency use,2427
sungai raya resident missed covid vaccine coming family area,2428
marine covid vaccine attack,2429
booster vaccine using locally made agrees government us archipelago vaccine try comment response,2435
parent enthusiastic accompanying child covid vaccine sara doctor strange apbd rest,2439
muhammadiyah distributes thousand covid vaccine,2442
turkey smoothly release artificial covid vaccine,2444
pdip corrupt party booster vaccine program prolongs covid pandemic,2448
governor ganjar pranowo resident wary implementing strict health protocol omicron type covid variant found central java vaccine care,2452
wib breakthrough infection antibody compared covid vaccine,2460
covid task force urge people travel vigilant omicron caring vaccine,2465
covid vaccine age vaccine care,2466
governmentampmedia collaboration continues infuse community frightening issue covid business approach used solution presented also nuanced antigenic business project even vaccine wrapped corporate interest prioritizing comprehensively resolving pandemic,2473
indonesia received covid vaccine pfizer stage dose moderna vaccine dose came german government donation covax,2476
say n't vaccinate people claim injected covid vaccine,2477
indonesia successful country highest complete dose covid vaccination world recipient vaccine reached 1 million indonesia populated country,2478
community expected covid vaccine people immune protection,2481
jockey wild racing jockey covid vaccine,2486
active security arrival moderna type covid vaccine gusti ngura rai airbase baseops thursday,2491
oxford covid vaccine protection decline finding recommend giving booster dos vaccine protect severity covid infection,2494
